actual,predicted,error
1561698.0,3175623.028894982,-1613925.0288949818
43229904.0,28136553.254025664,15093350.745974336
9808124.0,22375024.989717655,-12566900.989717655
21972336.0,46439919.46236356,-24467583.462363563
41325328.0,22773874.253630333,18551453.746369667
19344615.0,21906786.518858414,-2562171.518858414
62675095.0,39047642.147637516,23627452.852362484
189859560.0,125711421.63069731,64148138.36930269
312016928.0,175726647.1357134,136290280.8642866
28972508.0,14139002.079921257,14833505.920078743
97984015.0,140171543.86264718,-42187528.862647176
6537036.0,5675845.115575479,861190.8844245207
104391623.0,86643278.4493577,17748344.550642297
14049540.0,7297897.705664555,6751642.294335445
21289826.0,34179576.244607046,-12889750.244607046
11430025.0,25231168.780862365,-13801143.780862365
1700000.0,5135487.370456154,-3435487.3704561545
190539357.0,82936775.24713233,107602581.75286767
100104565.0,60456986.86683735,39647578.13316265
39267515.0,31569469.865342464,7698045.134657536
143485.0,4792062.403455996,-4648577.403455996
5541431.0,2547570.251467236,2993860.748532764
2708087.0,598651.4457786686,2109435.554221331
29419291.0,36108875.887995794,-6689584.887995794
4376819.0,3383093.5437950776,993725.4562049224
85897593.0,89350781.03012282,-3453188.0301228166
133440870.0,158567164.37959814,-25126294.37959814
3657876.0,4024448.0084246434,-366572.0084246434
329398046.0,127975070.36753415,201422975.63246584
8345056.0,9141612.842182796,-796556.8421827964
1239183.0,2254191.8874701974,-1015008.8874701974
296187079.0,264138225.98639205,32048853.01360795
87987055.0,40980126.66383289,47006928.33616711
72526996.0,36219905.07450722,36307090.92549278
694394724.0,508667342.3176362,185727381.6823638
64828421.0,54600655.776684605,10227765.223315395
19507345.0,27460576.937190063,-7953231.937190063
3965604.0,2227875.184497852,1737728.8155021481
8797839.0,10268070.335745778,-1470231.335745778
90941129.0,92491438.99522524,-1550309.9952252358
725131.0,3765109.604746182,-3039978.604746182
5048693.0,20978406.68946852,-15929713.689468522
829625.0,4642517.300467633,-3812892.3004676327
33463969.0,77099421.23831543,-43635452.23831543
106404.0,1045696.4616109797,-939292.4616109797
415933406.0,306292735.33767796,109640670.66232204
21170563.0,10394576.649677526,10775986.350322474
8025872.0,12218639.262130562,-4192767.262130562
493214993.0,329952498.2180594,163262494.78194058
40140972.0,11853793.777215693,28287178.222784307
16607575.0,21361432.719081145,-4753857.719081145
18637690.0,7010159.334666771,11627530.66533323
123218424.0,259363911.6943507,-136145487.6943507
512492755.0,229885654.09695074,282607100.90304923
53187659.0,81999765.27768227,-28812106.277682275
790653942.0,544143806.6437091,246510135.35629094
56870414.0,48316921.246606,8553492.753394
135330182.0,98150391.16207612,37179790.837923884
5530764.0,35108668.5553939,-29577904.555393897
69821334.0,38978467.44620744,30842866.55379256
194564672.0,155556490.00998884,39008181.990011156
290930148.0,274577080.10102546,16353067.898974538
177977226.0,146734221.7937046,31243004.2062954
11100577.0,65086143.38190299,-53985566.38190299
46201432.0,40541785.55697485,5659646.443025149
207725639.0,156650489.55507255,51075149.444927454
177584879.0,121148248.85559776,56436630.144402236
7029025.0,669716.3026362673,6359308.697363732
68929150.0,75448566.50286993,-6519416.502869934
57120318.0,125482657.55232707,-68362339.55232707
15502112.0,56478146.97858824,-40976034.97858824
23631929.0,24045529.177390195,-413600.17739019543
3468572.0,5866106.6825893,-2397534.6825893
38176317.0,21008657.955907673,17167659.044092327
177395557.0,98485380.21751928,78910176.78248072
50871113.0,78580076.70908445,-27708963.70908445
277448382.0,170317392.9376854,107130989.0623146
415484914.0,279969350.91820824,135515563.08179176
485004754.0,313372473.59080446,171632280.40919554
13273595.0,12542625.279623704,730969.720376296
2308355.0,183430.9568032328,2124924.043196767
30626182.0,29516240.864467397,1109941.1355326027
97542952.0,68253156.89982326,29289795.100176737
61108981.0,72191346.23761953,-11082365.237619534
24047675.0,21398311.033176046,2649363.966823954
875458631.0,445099681.15197986,430358949.84802014
105232691.0,30325285.127912,74907405.872088
487287646.0,464120193.71460485,23167452.285395145
118071125.0,78101180.58806261,39969944.411937386
29355203.0,35558908.47414833,-6203705.474148333
43455230.0,40764121.047969185,2691108.952030815
91036760.0,51467423.99533295,39569336.00466705
204826668.0,107131225.65457962,97695442.34542038
68349884.0,57245976.60558163,11103907.394418374
69935600.0,130154168.10697325,-60218568.106973246
658344137.0,704522627.8473569,-46178490.847356915
6262878.0,7753494.014691352,-1490616.014691352
15779455.0,20512147.844743006,-4732692.844743006
132511035.0,306691631.3397168,-174180596.3397168
76419755.0,58840198.42202212,17579556.57797788
22126842.0,36943800.853217736,-14816958.853217736
16443609.0,28510991.373901755,-12067382.373901755
29612137.0,18811344.976856045,10800792.023143955
1432799.0,1249679.5244117286,183119.4755882714
40445129.0,196415879.61285847,-155970750.61285847
16636604.0,21678102.163954537,-5041498.163954537
129832389.0,154500297.76811284,-24667908.76811284
67336470.0,93190965.65803345,-25854495.658033445
6552255.0,8715402.991125463,-2163147.9911254626
103105878.0,41044225.46880361,62061652.53119639
41895491.0,19650072.97702439,22245418.02297561
32078318.0,19185386.917325187,12892931.082674813
20308772.0,20030017.828831926,278754.171168074
21274717.0,62491129.76238914,-41216412.76238914
11000863.0,8272814.478041975,2728048.521958025
156563139.0,69402045.51161963,87161093.48838037
31430334.0,33524738.475215115,-2094404.4752151147
32574382.0,26972273.93592992,5602108.0640700795
9898412.0,28522915.819306407,-18624503.819306407
273552592.0,164070721.11458138,109481870.88541862
120673227.0,130407937.78958209,-9734710.789582089
870532.0,2964441.0153868254,-2093909.0153868254
116632628.0,77042697.11300114,39589930.88699886
355475245.0,198989500.7808162,156485744.2191838
35669017.0,37373054.567452915,-1704037.567452915
9685976.0,5060828.731613647,4625147.268386353
618847.0,1104156.1548971552,-485309.15489715524
20901859.0,20192571.605082907,709287.3949170932
129342769.0,129394548.3438649,-51779.343864902854
657926987.0,926020671.8153602,-268093684.8153602
268175631.0,271285760.32662493,-3110129.32662493
161834276.0,108134320.332689,53699955.667311
314432837.0,191541033.07691792,122891803.92308208
285112.0,3544184.358580449,-3259072.358580449
67448651.0,102378411.4425776,-34929760.4425776
29450919.0,29063114.183060452,387804.81693954766
12506362.0,34658282.791727625,-22151920.791727625
157920733.0,115865420.38868646,42055312.61131354
9101546.0,19636597.62314695,-10535051.623146951
8526288.0,23070511.977147516,-14544223.977147516
4552970.0,21402702.924583323,-16849732.924583323
5078660.0,7628576.51676536,-2549916.51676536
102992536.0,47401160.27381683,55591375.72618317
10313019.0,38907041.22227793,-28594022.222277932
38348988.0,15155497.746548288,23193490.253451712
2827107.0,7597346.327741363,-4770239.327741363
232325503.0,187408959.85743874,44916543.14256126
2534372.0,2378431.358293344,155940.6417066562
34618867.0,40917903.323610544,-6299036.323610544
363656624.0,983798733.6788818,-620142109.6788818
211819354.0,154555552.70771515,57263801.29228485
460435291.0,745197431.4987836,-284762140.4987836
254134910.0,90955832.20234163,163179077.79765838
132963417.0,122428997.91310056,10534419.086899444
10604986.0,4328686.111001396,6276299.888998604
65884703.0,91147594.0289299,-25262891.028929904
441286195.0,172343376.17176133,268942818.82823867
137328301.0,128573517.01637495,8754783.983625054
61279452.0,73402047.50224277,-12122595.502242774
711025481.0,283461447.02661765,427564033.97338235
22424195.0,4154043.1588733736,18270151.84112663
404980543.0,547738514.9742297,-142757971.9742297
24107867.0,47984765.596456714,-23876898.596456714
7433663.0,18030864.31227928,-10597201.31227928
15001776.0,65261229.05388883,-50259453.05388883
50336279.0,4464234.162119063,45872044.83788094
63781810.0,46227271.025432155,17554538.974567845
67642693.0,52298533.64922872,15344159.350771278
75984700.0,77216268.0217908,-1231568.0217908025
457696391.0,297075302.6718852,160621088.3281148
11052713.0,2072168.3735485044,8980544.626451496
32155047.0,11291417.31315549,20863629.68684451
472370.0,1277020.461166216,-804650.4611662161
260502115.0,363859104.5516107,-103356989.55161071
10964740.0,5844925.576048181,5119814.423951819
107645357.0,111035981.91740814,-3390624.9174081385
86274793.0,20919146.971236855,65355646.028763145
788976453.0,801326829.4252127,-12350376.42521274
52210049.0,73422072.6433584,-21212023.643358395
40996665.0,29270488.031514663,11726176.968485337
173046663.0,61582215.18017381,111464447.81982619
27858103.0,10636805.228876742,17221297.77112326
31670620.0,45584716.59054964,-13914096.59054964
30894796.0,5522991.047564979,25371804.95243502
321752656.0,201120078.1158477,120632577.8841523
42273609.0,27976617.79371364,14296991.20628636
23157646.0,9639331.168059502,13518314.831940498
40185556.0,18258073.97340671,21927482.02659329
41067311.0,40784559.69182687,282751.3081731275
29300090.0,19439409.28071314,9860680.719286859
13168027.0,3299905.5295204828,9868121.470479518
243240178.0,126415695.88917975,116824482.11082025
25288872.0,14831765.596654702,10457106.403345298
146936910.0,148235755.88783178,-1298845.8878317773
76249438.0,139776164.34281483,-63526726.34281483
29621722.0,41661449.010209955,-12039727.010209955
309492681.0,146172707.2067143,163319973.7932857
28741330.0,5404310.468258615,23337019.531741384
59418613.0,100415707.39614438,-40997094.396144375
42426912.0,37349325.64918226,5077586.35081774
14942422.0,19700978.887896176,-4758556.887896176
102854431.0,116683621.63770999,-13829190.63770999
240031274.0,196469467.70434016,43561806.29565984
1518815515.0,1389458751.8221698,129356763.17783022
20546518.0,25871932.96114893,-5325414.961148929
25852764.0,44073452.15083497,-18220688.15083497
2561820.0,2558270.4976752135,3549.502324786503
12951093.0,52873700.75208285,-39922607.75208285
836303693.0,659440179.8305067,176863513.16949332
34622504.0,24492096.69766152,10130407.302338481
8224998.0,4666885.766134513,3558112.2338654874
32710894.0,31577566.384860344,1133327.6151396558
6808550.0,21758186.97296015,-14949636.972960152
34737199.0,41579016.92278942,-6841817.922789417
38356892.0,26160903.52099816,12195988.479001839
5141166.0,3642079.988494863,1499086.0115051372
542358331.0,256798683.6219137,285559647.3780863
473990832.0,253606929.16316527,220383902.83683473
24972139.0,34258744.235398225,-9286605.235398225
91627228.0,89667148.10473129,1960079.8952687085
21947454.0,9367877.552853834,12579576.447146166
42580321.0,24723962.896752104,17856358.103247896
38068353.0,6756376.543444143,31311976.45655586
56500758.0,22008311.95834314,34492446.04165686
204681899.0,232321128.9872972,-27639229.987297207
51380201.0,45120433.397215754,6259767.602784246
29777777.0,24395381.278812025,5382395.721187975
119974972.0,48771161.77047535,71203810.22952464
132274484.0,128544945.76334281,3729538.2366571873
7434726.0,16313263.772031654,-8878537.772031654
56308881.0,115204153.91804875,-58895272.918048754
167882881.0,300336217.92043513,-132453336.92043513
16217411.0,10208591.16257374,6008819.83742626
2023808.0,5742375.77969911,-3718567.7796991104
24822619.0,26922249.632271513,-2099630.6322715133
14237880.0,8531387.980076548,5706492.019923452
278454417.0,94231854.82676089,184222562.1732391
46704056.0,73589019.00413354,-26884963.004133537
2566435.0,6494422.722124944,-3927987.7221249444
59827328.0,19721408.557607435,40105919.442392565
153698625.0,54596083.805753045,99102541.19424695
7565807.0,11531550.397443831,-3965743.397443831
19885552.0,21872059.878347054,-1986507.8783470541
159197038.0,187718965.17956427,-28521927.179564267
69721966.0,74244048.6648501,-4522082.664850101
365551694.0,105025001.77746508,260526692.22253492
81471882.0,21930329.305293873,59541552.69470613
56631572.0,68046728.85163817,-11415156.851638168
177238796.0,258618423.59056285,-81379627.59056285
39782683.0,67441001.04230177,-27658318.042301774
75782758.0,68932205.10052046,6850552.899479538
16923761.0,27084824.38046174,-10161063.380461741
51843679.0,35314955.162903965,16528723.837096035
56489558.0,35438986.3350711,21050571.6649289
58853106.0,30547796.605496716,28305309.394503284
9177355.0,8645633.854788583,531721.1452114172
4651977.0,15212969.92146589,-10560992.92146589
10835752.0,4840018.628157905,5995733.371842095
34698753.0,70231092.42518784,-35532339.42518784
26325256.0,5765159.220696003,20560096.779303998
184935320.0,247721753.06657246,-62786433.06657246
57197876.0,38113516.65707174,19084359.34292826
8701337.0,4105234.956496934,4596102.0435030665
419665568.0,367183299.17561275,52482268.82438725
141603197.0,162881928.87246722,-21278731.87246722
520881154.0,375953761.87177163,144927392.12822837
925762.0,4364503.498831767,-3438741.4988317667
25244626.0,23551724.276920523,1692901.7230794765
152039882.0,99538264.31318459,52501617.68681541
32533802.0,18641917.690973725,13891884.309026275
57232879.0,47274221.586910196,9958657.413089804
2079569.0,6123177.424798592,-4043608.424798592
3326364.0,3460886.3521978324,-134522.35219783243
792910554.0,73799150.15232667,719111403.8476733
7286388.0,23642707.063862815,-16356319.063862815
215863606.0,179177033.7836396,36686572.21636039
39100956.0,12767314.92345425,26333641.076545753
35164920.0,46001211.517771706,-10836291.517771706
79498846.0,84898490.0517959,-5399644.0517959
40656399.0,58416254.91043236,-17759855.91043236
33082548.0,3051035.317875481,30031512.682124518
250821495.0,212565984.9160557,38255510.08394429
1111790.0,1480917.807130241,-369127.80713024107
64811540.0,28165074.831642512,36646465.16835749
220239925.0,150375779.46102685,69864145.53897315
100375432.0,32114604.216653746,68260827.78334625
138805831.0,130710653.22074057,8095177.779259428
195333312.0,157845524.4870978,37487787.5129022
98625775.0,84636395.08052899,13989379.91947101
12558931.0,24445777.690461546,-11886846.690461546
940352645.0,579472688.7650325,360879956.23496747
31505287.0,89388570.32017949,-57883283.32017949
67062123.0,40923913.737821974,26138209.262178026
54589558.0,55498836.380504884,-909278.3805048838
871759.0,629683.9435752095,242075.05642479053
107879496.0,72793031.07772501,35086464.92227499
7413863.0,55947511.92438751,-48533648.92438751
65497208.0,4833998.095785412,60663209.90421459
6266621.0,6729759.016774478,-463138.01677447837
32226382.0,57423354.333696224,-25196972.333696224
269755430.0,272792792.47602355,-3037362.476023555
40443010.0,20773597.3133646,19669412.6866354
4197729.0,5992508.689816937,-1794779.6898169369
2900156.0,5704775.564225704,-2804619.5642257044
22954068.0,14502475.85215222,8451592.14784778
59612888.0,33666684.131564885,25946203.868435115
47096206.0,35240295.55553545,11855910.44446455
227927165.0,102985097.10882075,124942067.89117925
80693537.0,33331692.78023388,47361844.219766125
12741891.0,4952574.437554227,7789316.562445773
20094909.0,23916086.51889219,-3821177.5188921914
144008.0,1345005.194452193,-1200997.194452193
3970078.0,10002362.797049856,-6032284.797049856
1123136.0,7109261.809136532,-5986125.809136532
3560932.0,2339196.1802883367,1221735.8197116633
754301.0,21211135.19650319,-20456834.19650319
246984278.0,210481990.80746916,36502287.19253084
165478348.0,214999890.74990833,-49521542.74990833
30134958.0,68621697.86635867,-38486739.86635867
8362969.0,7906926.554528381,456042.44547161926
14603177.0,10781875.948627027,3821301.0513729732
3741098.0,16079679.648363648,-12338581.648363648
14949697.0,24627298.820163522,-9677601.820163522
102984862.0,120978994.01104677,-17994132.011046767
233824.0,769981.4505878536,-536157.4505878536
552639571.0,447863147.9069187,104776423.0930813
20596567.0,10448488.605942931,10148078.394057069
31198531.0,40114138.91053139,-8915607.910531387
17985893.0,4755745.49806475,13230147.501935251
104414200.0,51119205.092536494,53294994.907463506
35656131.0,55424321.884533815,-19768190.884533815
242623.0,7895306.5373021895,-7652683.5373021895
142940100.0,242451542.9872496,-99511442.98724961
29699345.0,31541064.033351354,-1841719.0333513543
22743674.0,23524952.706718624,-781278.7067186236
880166924.0,696220994.3079944,183945929.69200563
151653750.0,88309665.95908102,63344084.040918976
16457494.0,38383601.196416505,-21926107.196416505
28215918.0,9073258.732778339,19142659.26722166
339795890.0,283376392.5090927,56419497.49090731
4091378.0,11657243.541156938,-7565865.541156938
427344325.0,399589347.80908525,27754977.19091475
10848783.0,6475065.160207893,4373717.839792107
45500797.0,21748970.72527006,23751826.27472994
23717291.0,17103938.750635944,6613352.249364056
454026.0,2774009.1939372867,-2319983.1939372867
6980986.0,1050526.4667184367,5930459.533281563
36611610.0,27962714.929400682,8648895.070599318
69847348.0,27547297.17917034,42300050.82082966
70439696.0,58059388.099439636,12380307.900560364
20789556.0,19719380.235020068,1070175.7649799325
115900534.0,228268298.4841963,-112367764.4841963
71870729.0,104747498.64040855,-32876769.640408546
54641191.0,35757530.86438366,18883660.13561634
34854990.0,30986878.58985263,3868111.410147369
7099598.0,22790128.103957232,-15690530.103957232
763740.0,5326384.195328141,-4562644.195328141
1036818.0,2202601.401085268,-1165783.4010852678
13167232.0,9009188.902828226,4158043.097171774
712205856.0,298490711.0631529,413715144.9368471
47347283.0,29602404.915798932,17744878.084201068
59520298.0,7754715.190624269,51765582.80937573
162242962.0,127437238.49055775,34805723.509442255
211780824.0,206186897.80345917,5593926.1965408325
196710396.0,135965589.28747037,60744806.71252963
2053469.0,6526769.183276729,-4473300.183276729
88323487.0,115229890.86581448,-26906403.865814477
1562749.0,4776340.825200943,-3213591.8252009433
96085477.0,150773377.46296653,-54687900.46296653
10667893.0,28422723.097943194,-17754830.097943194
667094506.0,434609789.9896484,232484716.0103516
11098131.0,3404067.9991063625,7694063.000893638
743445.0,685077.7129245673,58367.287075432716
3588626.0,3750907.2420175322,-162281.24201753223
668045518.0,1053937354.1086793,-385891836.1086793
3103716.0,6459675.726274855,-3355959.7262748554
148675066.0,333600935.3232177,-184925869.3232177
51880044.0,20440702.961341448,31439341.038658552
306776732.0,129351861.96888845,177424870.03111154
1862805.0,8238639.30595945,-6375834.30595945
48791187.0,72364001.36985524,-23572814.36985524
86369815.0,89348612.51798825,-2978797.5179882497
30642704.0,21621058.678598076,9021645.321401924
39457342.0,50820062.99186355,-11362720.991863549
1456675.0,4168282.289545622,-2711607.289545622
6735922.0,18446740.426699746,-11710818.426699746
6330054.0,4683535.810703013,1646518.189296987
382928.0,1248371.9836662349,-865443.9836662349
692585.0,1201409.2563121282,-508824.25631212816
4309490.0,9635379.350712556,-5325889.350712556
22238696.0,78745516.42348652,-56506820.423486516
121214377.0,250723020.4116409,-129508643.41164091
15300885.0,8398044.312021134,6902840.687978866
67647013.0,20650831.597089782,46996181.40291022
15429177.0,5795961.182670202,9633215.817329798
256271286.0,93795732.69851509,162475553.3014849
122810399.0,111756026.81020948,11054372.189790517
156318.0,1831704.3955424433,-1675386.3955424433
104907746.0,201090877.0825001,-96183131.0825001
1131927996.0,666158487.8833876,465769508.11661243
30950002.0,13792008.069783464,17157993.930216536
5669831.0,5089068.270393034,580762.7296069656
41863726.0,61756842.315888524,-19893116.315888524
15636462.0,16506355.868972931,-869893.868972931
179033791.0,33316227.657119505,145717563.3428805
122563539.0,126901152.32565597,-4337613.325655967
433921300.0,403928048.99750996,29993251.002490044
6964734.0,10491285.529708948,-3526551.529708948
11838218.0,4600578.859266895,7237639.140733105
11949484.0,5820174.713186425,6129309.286813575
100654149.0,53744084.79229015,46910064.20770985
219100084.0,249494850.16777626,-30394766.167776257
6650206.0,10110320.611370055,-3460114.611370055
42972994.0,81285629.42703325,-38312635.427033246
33473297.0,2396935.782512215,31076361.217487786
2433850.0,3526290.983579247,-1092440.9835792468
40105542.0,23381092.264539264,16724449.735460736
35492921.0,33714785.381032035,1778135.6189679652
414351546.0,369954538.3924339,44397007.60756612
59468275.0,70635843.32616362,-11167568.32616362
23367586.0,15920453.881166222,7447132.118833778
299268508.0,291452834.1165509,7815673.883449078
55003890.0,131901178.07546526,-76897288.07546526
3473905.0,877102.3633866989,2596802.636613301
71624879.0,29553199.090881813,42071679.90911819
115695182.0,67690129.24951936,48005052.75048064
38983045.0,52636351.60008432,-13653306.60008432
2438031.0,4517699.067463535,-2079668.067463535
31042035.0,41597952.16905057,-10555917.169050567
14356479.0,13938539.754644915,417939.24535508454
10171304.0,1322262.8887922212,8849041.11120778
10994533.0,4229384.064077621,6765148.935922379
1794086.0,3254611.6686249115,-1460525.6686249115
15843274.0,13872919.583211634,1970354.4167883657
13878411.0,13356324.907370927,522086.0926290732
85749034.0,56136256.2690163,29612777.730983697
362744280.0,415567951.94052607,-52823671.94052607
141067127.0,88340530.0458031,52726596.9541969
5371181.0,21029821.145879008,-15658640.145879008
34942188.0,47150810.66810443,-12208622.668104433
8862354.0,13501939.009557491,-4639585.009557491
163794509.0,158067342.74736893,5727166.252631068
331333876.0,178842565.43512854,152491310.56487146
113758770.0,170177446.65647987,-56418676.656479865
5979947.0,10053102.502538012,-4073155.5025380123
119483446.0,103099091.62369898,16384354.37630102
47309313.0,69513914.02622941,-22204601.02622941
69424389.0,34382007.539963104,35042381.460036896
23712993.0,26820247.83453207,-3107254.834532071
375658750.0,524583267.45659834,-148924517.45659834
505703557.0,127659411.82598346,378044145.17401654
4714658.0,2732314.17730874,1982343.82269126
8087000.0,11039361.275417972,-2952361.2754179724
31556061.0,72402707.56211224,-40846646.56211224
471222889.0,655895040.3943914,-184672151.39439142
20529194.0,22359414.791433264,-1830220.7914332636
43095175.0,65428583.09650774,-22333408.096507743
159330280.0,102096730.99703774,57233549.00296226
73956241.0,50293265.67577178,23662975.32422822
1138322.0,2161125.0418183394,-1022803.0418183394
15691192.0,17051694.37185096,-1360502.37185096
36348784.0,73251918.28670727,-36903134.28670727
546388108.0,360017047.9499008,186371060.0500992
12666449.0,7861317.877009466,4805131.122990534
51386477.0,93747380.67809905,-42360903.67809905
4000000.0,1444449.607352213,2555550.392647787
7659918.0,22935200.1252215,-15275282.125221498
43053376.0,89667515.06155924,-46614139.061559245
7936780.0,7215245.858324149,721534.1416758513
4569019.0,1298478.4619949814,3270540.5380050186
153193369.0,101927711.67962088,51265657.32037912
363258859.0,327778294.3241833,35480564.675816715
55707411.0,84689307.88007188,-28981896.88007188
170268750.0,144688274.62842956,25580475.37157044
22605153.0,81171732.05884436,-58566579.05884436
11444204.0,9364989.421494115,2079214.5785058849
1159444662.0,410840960.9194579,748603701.0805421
20648328.0,65214887.40414883,-44566559.40414883
39220946.0,27299085.519890163,11921860.480109837
52323400.0,66381681.29242499,-14058281.292424992
1640220.0,1533731.4545490902,106488.54545090976
32029928.0,11149734.877504533,20880193.122495465
113231078.0,160208139.06719264,-46977061.067192644
14000000.0,12490244.837429237,1509755.1625707634
34513760.0,29702849.206561267,4810910.793438733
53425292.0,20058674.9080028,33366617.0919972
137783840.0,62927286.82150498,74856553.17849502
73839240.0,19268267.057536755,54570972.94246325
4304286.0,1129978.0414603427,3174307.9585396573
45710059.0,30645867.94921806,15064191.05078194
26351322.0,74897858.22023596,-48546536.22023596
77211836.0,12855025.197261328,64356810.802738674
21075014.0,49272539.89387836,-28197525.893878363
17768012.0,10080784.638646588,7687227.361353412
7266383.0,22520871.88690176,-15254488.886901759
63945241.0,97748608.06581704,-33803367.06581704
147792047.0,77560004.35844862,70232042.64155138
2742912.0,6916072.903633605,-4173160.9036336048
24265659.0,13149691.988054944,11115967.011945056
4928883.0,18422355.07541087,-13493472.075410869
354825435.0,116016513.53256302,238808921.46743697
48428063.0,113897598.41450894,-65469535.41450894
1302067.0,1167537.1904970817,134529.80950291827
60611975.0,36845849.08610954,23766125.91389046
5979011.0,1980934.6164853843,3998076.3835146157
10464788.0,2413825.138159386,8050962.861840614
37697773.0,35639910.01636061,2057862.9836393893
77063924.0,23296630.820500776,53767293.179499224
5301539.0,6981007.161269311,-1679468.1612693109
38755900.0,31337520.71426651,7418379.285733491
160188546.0,55469963.78022795,104718582.21977204
43495888.0,57969992.7372988,-14474104.737298802
6014341.0,615234.7549267934,5399106.245073207
11642254.0,14290486.262129333,-2648232.262129333
8089290.0,28766027.00476936,-20676737.00476936
386041607.0,312082110.65638983,73959496.34361017
90777.0,20305931.136529535,-20215154.136529535
270665134.0,132248329.12780766,138416804.87219232
173965010.0,103170229.66592784,70794780.33407216
44460850.0,9997006.898161449,34463843.10183855
15942628.0,6866434.1090172,9076193.8909828
5519569.0,5192401.834046867,327167.16595313326
1128462972.0,678894182.1588532,449568789.8411468
5887457.0,60226319.94339507,-54338862.94339507
6566916.0,16346411.695205726,-9779495.695205726
2821671.0,4901245.045918173,-2079574.0459181732
16228448.0,25090873.576753527,-8862425.576753527
211822697.0,238005768.57357287,-26183071.573572874
609939.0,3052222.1648196615,-2442283.1648196615
52099090.0,96301871.5766448,-44202781.57664479
138697012.0,38752301.5942919,99944710.4057081
28316451.0,3841170.7012019116,24475280.298798088
27979040.0,80168159.97666906,-52189119.97666906
118686937.0,34996092.151197426,83690844.84880257
38741732.0,15267306.100483399,23474425.8995166
233555708.0,198122647.67358983,35433060.326410174
18432000.0,46630052.62431272,-28198052.62431272
1310466296.0,598318251.464695,712148044.535305
63118386.0,23951837.33426909,39166548.66573091
50327960.0,74932435.68034555,-24604475.68034555
95017038.0,43073166.68476372,51943871.31523628
27007143.0,9221520.27686986,17785622.72313014
58795814.0,46980829.02397562,11814984.976024382
12532777.0,157344302.27828288,-144811525.27828288
294456605.0,135864279.93269056,158592325.06730944
3487678.0,19772411.04877987,-16284733.048779871
13939963.0,31740385.374763012,-17800422.374763012
636399.0,4281436.901718496,-3645037.9017184963
58620973.0,54669129.16269062,3951843.837309383
70009308.0,72045345.0587225,-2036037.058722496
86086881.0,8859305.796961226,77227575.20303878
85251425.0,84551766.02182373,699658.978176266
33334176.0,60123924.513482034,-26789748.513482034
183887723.0,304368724.714295,-120481001.71429503
540455876.0,605352504.8562567,-64896628.85625672
25000167.0,9416290.12952689,15583876.87047311
17415418.0,29402024.224076156,-11986606.224076156
195702963.0,300753866.2648332,-105050903.26483321
115101622.0,30481860.46619973,84619761.53380027
67683989.0,127623434.71781358,-59939445.71781358
214104620.0,229983391.5568685,-15878771.556868494
4743287.0,1643334.1178892022,3099952.882110798
21458229.0,9781322.140316416,11676906.859683584
19170001.0,20135636.836501315,-965635.8365013152
12376625.0,12918972.439327527,-542347.4393275268
284139100.0,582301549.9567255,-298162449.9567255
34934009.0,29692292.138001084,5241716.861998916
104478416.0,168775991.14184263,-64297575.14184263
1666028.0,1214127.6934593609,451900.30654063914
33251890.0,31340222.94825215,1911667.051747851
391081192.0,620746188.4801767,-229664996.4801767
32118.0,1543616.3520809296,-1511498.3520809296
80154140.0,84261707.19744837,-4107567.197448373
351692268.0,162378349.6338744,189313918.3661256
26570048.0,15315660.78378093,11254387.21621907
9566593.0,4565973.547537082,5000619.452462918
38376497.0,32049362.904326368,6327134.095673632
150988382.0,73373333.71136688,77615048.28863312
199078.0,3037244.9982069987,-2838166.9982069987
373062864.0,541677154.8852247,-168614290.8852247
3852409.0,3939059.7554913973,-86650.75549139734
10490791.0,10138621.151919685,352169.8480803147
49052787.0,29944604.810538463,19108182.189461537
17519169.0,16670111.015959937,849057.9840400629
47410827.0,21962574.585030306,25448252.414969694
211952420.0,59818433.49412127,152133986.50587875
97076152.0,143479901.89741293,-46403749.897412926
11293663.0,44286848.07298822,-32993185.07298822
1227324.0,2216008.0627737786,-988684.0627737786
25024919.0,12274602.744044378,12750316.255955622
370569774.0,597238581.1046221,-226668807.10462213
45173154.0,29989614.81407036,15183539.185929641
15339030.0,22980758.13565407,-7641728.1356540695
44567606.0,19789634.940215874,24777971.059784126
1271244.0,4265436.743256703,-2994192.743256703
9873044.0,37450423.23389156,-27577379.23389156
1767963.0,4369067.932261932,-2601104.9322619317
299792.0,3751245.9859182667,-3451453.9859182667
10013424.0,1426067.4444291284,8587356.55557087
1519366.0,6897588.726813103,-5378222.726813103
17989227.0,16559288.752636584,1429938.2473634165
105834556.0,77507132.44913788,28327423.55086212
4654423.0,4685231.524737972,-30808.524737971835
132675864.0,114288765.39293708,18387098.60706292
2436000.0,2135671.439564141,300328.560435859
78324220.0,251017985.55888608,-172693765.55888608
37317673.0,50537497.75979657,-13219824.759796567
61489265.0,81428236.41417818,-19938971.414178178
38620484.0,24805117.85334206,13815366.14665794
32593385.0,40628102.80002209,-8034717.800022088
122444772.0,227662509.3446201,-105217737.34462011
186883563.0,48746785.88786946,138136777.11213052
99775678.0,120111368.687173,-20335690.687172994
615816.0,2492181.6085972497,-1876365.6085972497
215663859.0,72533451.15062551,143130407.84937447
274650803.0,242573421.31107283,32077381.688927174
6919198.0,6861955.948214914,57242.05178508628
13414416.0,21192604.628816776,-7778188.628816776
14114488.0,11241295.261616947,2873192.738383053
296999813.0,18947428.39811553,278052384.6018845
8382938.0,37959122.15604854,-29576184.156048536
102392080.0,138386403.87968513,-35994323.87968513
333535934.0,307926579.4773987,25609354.522601306
110041363.0,197295352.36550775,-87253989.36550775
7138523.0,5211152.165742556,1927370.8342574444
74608570.0,17945188.74406957,56663381.25593043
10000000.0,4044573.27674072,5955426.7232592795
4389334.0,3217489.2394038113,1171844.7605961887
53918723.0,32150380.447067562,21768342.552932438
281995610.0,78719518.81958742,203276091.1804126
92921203.0,30803215.55833892,62117987.441661075
201957688.0,99082500.95612963,102875187.04387037
38269529.0,34094060.49274936,4175468.507250637
25070261.0,25910003.063554965,-839742.063554965
100020092.0,44138341.33230324,55881750.66769676
10631333.0,17291105.27549232,-6659772.275492322
17077882.0,22938855.669453457,-5860973.669453457
674918.0,8367148.876139396,-7692230.876139396
62022014.0,87185096.83998409,-25163082.83998409
1005973645.0,766492857.667131,239480787.33286905
14358033.0,25013674.113802973,-10655641.113802973
19260537.0,3261205.038610065,15999331.961389935
934454096.0,969931695.1188004,-35477599.1188004
32000301.0,35501483.67633487,-3501182.676334873
46405336.0,7995013.697547065,38410322.30245294
146428180.0,88394420.25517382,58033759.74482618
27293743.0,21106106.03221219,6187636.96778781
96560591.0,72465893.54821779,24094697.45178221
3221568.0,5641793.0307892235,-2420225.0307892235
408247917.0,230744292.7946056,177503624.2053944
126636097.0,83286628.62956144,43349468.37043856
337580051.0,306953911.70038766,30626139.299612343
83531958.0,65265349.75747301,18266608.242526993
103121466.0,51418097.26455261,51703368.73544739
173649931.0,162120986.66735286,11528944.332647145
359377.0,294603.6319353678,64773.36806463217
82966152.0,99922912.98593858,-16956760.98593858
624026776.0,792820902.4429739,-168794126.44297385
468060692.0,193657322.3244865,274403369.6755135
7820688.0,9471343.120226266,-1650655.1202262659
10555619.0,10313251.351766825,242367.64823317528
302710615.0,220132043.2053804,82578571.79461959
27365467.0,5139472.102733847,22225994.897266153
22989957.0,41517996.69178961,-18528039.691789612
12303411.0,54235482.873249196,-41932071.873249196
3669465.0,44519840.44986608,-40850375.44986608
792966.0,2064079.5029563252,-1271113.5029563252
19576023.0,42319612.31018655,-22743589.31018655
173013509.0,125292818.76835984,47720690.23164016
414828246.0,501336458.59964395,-86508212.59964395
8359717.0,5130474.028365469,3229242.9716345314
466364845.0,305808371.6728228,160556473.32717723
36015260.0,15170713.317899365,20844546.682100635
76130093.0,100703982.17579502,-24573889.17579502
5670776.0,3381055.690656092,2289720.309343908
9336886.0,6457930.839089622,2878955.160910378
293503354.0,329621724.908873,-36118370.90887302
63368939.0,7024702.438659996,56344236.561340004
78110021.0,38665336.50632631,39444684.49367369
358372926.0,481059905.89502096,-122686979.89502096
170458922.0,252347803.83772013,-81888881.83772013
134095253.0,90981045.58584648,43114207.41415352
2970.0,613946.135158552,-610976.135158552
270745.0,2733931.5635764766,-2463186.5635764766
292817898.0,178188241.69060364,114629656.30939636
15935068.0,14412058.599690946,1523009.4003090542
3117085.0,7201562.7408106,-4084477.7408106
55065289.0,81899087.67411219,-26833798.674112186
3360800.0,3227681.3703128262,133118.62968717376
20080020.0,17509049.011835765,2570970.988164235
3414301.0,1444070.4669706963,1970230.5330293037
28607524.0,13234975.650525367,15372548.349474633
96983009.0,144482188.3287311,-47499179.32873109
947495095.0,649360703.6579801,298134391.3420199
269784201.0,195636527.48603147,74147673.51396853
67331309.0,11030222.464912737,56301086.535087265
11511031.0,7548049.115972174,3962981.8840278257
384336108.0,286751142.32568616,97584965.67431384
98450062.0,74306338.44506875,24143723.554931253
630162448.0,551734498.8318733,78427949.1681267
18720175.0,37774879.40299734,-19054704.402997337
181001478.0,155238455.22261372,25763022.777386278
6153939.0,15696385.952988012,-9542446.952988012
32168970.0,36999518.164911106,-4830548.164911106
2315683.0,5251023.806047175,-2935340.806047175
17550399.0,8156480.409387906,9393918.590612095
175372502.0,114171570.39019358,61200931.60980642
1198113.0,10749936.86067959,-9551823.86067959
1526951.0,3467752.5996117326,-1940801.5996117326
1744164.0,2596995.8700623806,-852831.8700623806
67631903.0,76020558.3005367,-8388655.300536707
42931041.0,72689144.84729637,-29758103.847296372
82150642.0,21903713.928437926,60246928.071562074
123729176.0,136209747.10874757,-12480571.108747572
25052000.0,63658357.94371822,-38606357.94371822
48482.0,1086674.799383005,-1038192.7993830049
5101.0,4666101.447210942,-4661000.447210942
206678440.0,113947348.8066557,92731091.1933443
3255426.0,197588.07868192848,3057837.9213180714
694713380.0,582821870.6740303,111891509.3259697
55494066.0,27528105.826605376,27965960.173394624
161502194.0,70597425.47264926,90904768.52735074
346864886.0,305636804.75641906,41228081.24358094
438006904.0,273440678.7690395,164566225.2309605
960040.0,3138275.3718822217,-2178235.3718822217
28121100.0,19255312.360118028,8865787.639881972
4943279.0,18604957.244639892,-13661678.244639892
48063435.0,27241584.647209994,20821850.352790006
8103330.0,14882572.330175728,-6779242.330175728
25480803.0,36149854.47470669,-10669051.474706687
4064495.0,16832371.01619744,-12767876.01619744
35294470.0,29126521.910749782,6167948.089250218
81093313.0,67622941.03352313,13470371.966476873
167805466.0,239753146.22517994,-71947680.22517994
17768757.0,11639054.239561677,6129702.760438323
226904017.0,165532380.4734829,61371636.52651709
78868508.0,33086036.423527025,45782471.576472975
363597184.0,305807779.82369155,57789404.17630845
186303759.0,22215437.267362356,164088321.73263764
26973554.0,34323836.200323336,-7350282.200323336
102952888.0,32263699.695569824,70689188.30443017
6745362.0,1451594.9236594832,5293767.076340517
14110013.0,24144741.29651201,-10034728.296512011
1083720877.0,424388185.68485904,659332691.315141
18117839.0,6133989.582252239,11983849.417747762
429028.0,1062515.2057107342,-633487.2057107342
72617068.0,122512694.55042388,-49895626.550423875
118890272.0,86579266.80216788,32311005.197832122
968853.0,371785086.00833017,-370816233.00833017
7369373.0,3036995.148394464,4332377.851605536
490719763.0,496770857.29789054,-6051094.297890544
24493601.0,20934804.27257099,3558796.72742901
993313.0,3716911.688778105,-2723598.688778105
97594140.0,67321371.7717246,30272768.228275403
23562716.0,38295025.63899355,-14732309.638993546
621537519.0,704270877.3115106,-82733358.31151056
93232006.0,56565321.723621465,36666684.276378535
21513434.0,32395752.834114663,-10882318.834114663
166339890.0,99021184.93134764,67318705.06865236
2193982.0,6376758.997241505,-4182776.9972415054
106127278.0,40002291.398524344,66124986.601475656
14311701.0,6045028.031819026,8266672.968180974
96070507.0,33743272.373168275,62327234.626831725
43805.0,1695672.899547119,-1651867.899547119
205405498.0,89073173.45734207,116332324.54265793
19370020.0,28904171.49328613,-9534151.49328613
36869414.0,94903496.64842214,-58034082.64842214
225508210.0,358373797.2953937,-132865587.2953937
193355800.0,1077404.297967803,192278395.7020322
39886986.0,58885356.149542905,-18998370.149542905
11350665.0,23565777.121996492,-12215112.121996492
5987386.0,11280446.242155341,-5293060.242155341
47386287.0,112094247.95951879,-64707960.95951879
51699984.0,45977365.51000023,5722618.489999771
158972499.0,79184464.88999838,79788034.11000162
110996879.0,23393981.289735008,87602897.710265
65859911.0,42079797.98862459,23780113.011375412
35999081.0,11110799.824626837,24888281.175373163
8003180.0,3340011.4984140093,4663168.50158599
4454295.0,5151643.978596498,-697348.9785964983
782836791.0,404679475.9419284,378157315.0580716
131940411.0,147111634.9748853,-15171223.974885315
1118634.0,2544821.485246828,-1426187.4852468278
49944325.0,68092868.85251927,-18148543.852519274
27610873.0,26847509.085329708,763363.9146702923
4356216.0,4901506.227916488,-545290.2279164884
93400759.0,16121192.62893035,77279566.37106965
87840042.0,64849678.5658129,22990363.4341871
18618284.0,18086785.11855316,531498.8814468384
989033.0,911187.9400280822,77845.05997191777
86930411.0,88313153.5820675,-1382742.5820675045
307166834.0,81012687.12459894,226154146.87540108
13025860.0,25829161.945723742,-12803301.945723742
8527658.0,5420057.663547932,3107600.336452068
10005969.0,9102141.397350514,903827.6026494857
67450815.0,61741674.3324797,5709140.6675203
653779970.0,731571530.3246773,-77791560.32467735
3769214.0,27580999.30049491,-23811785.30049491
42784344.0,66313528.051109366,-23529184.051109366
3359465.0,4583547.605348871,-1224082.605348871
168423227.0,131795782.02303371,36627444.97696629
20458340.0,34843893.13482524,-14385553.134825237
13127022.0,22902236.243322574,-9775214.243322574
36754634.0,123256487.91442332,-86501853.91442332
10580.0,866217.1049635921,-855637.1049635921
157029618.0,42366212.05975779,114663405.9402422
19751736.0,15296646.46334732,4455089.5366526805
2425535.0,3455287.21223998,-1029752.2122399802
78756177.0,72100081.35167284,6656095.648327157
111711453.0,91784105.75124347,19927347.248756528
7997774.0,6267988.946917881,1729785.0530821187
826617.0,1375337.1690590582,-548720.1690590582
1006968171.0,723175014.8978772,283793156.1021228
208314186.0,97421012.45863199,110893173.54136801
763847.0,1857738.3161225242,-1093891.3161225242
146027888.0,99713510.57819492,46314377.421805084
502313.0,255929.94225335194,246383.05774664806
321885765.0,428878547.5225595,-106992782.52255952
219375562.0,118779353.31726682,100596208.68273318
928760770.0,537537502.7017632,391223267.29823685
231605150.0,77920733.76619253,153684416.23380747
6739141.0,10472044.114565551,-3732903.1145655513
147934180.0,116589900.9657851,31344279.0342149
57223890.0,55920299.949845925,1303590.050154075
75505856.0,74939530.25147831,566325.7485216856
66433194.0,28856357.073460873,37576836.92653912
9056073.0,6137044.560571152,2919028.439428848
52223306.0,33608499.4707972,18614806.529202797
5952884.0,5761828.715748354,191055.28425164614
23646952.0,11393439.774110716,12253512.225889284
40423279.0,9286914.35564685,31136364.64435315
204594016.0,86095117.137217,118498898.862783
52970014.0,47590442.24334171,5379571.756658293
37270721.0,29945723.89255766,7324997.107442342
264218220.0,271987508.8869536,-7769288.886953592
14454622.0,13606848.83547734,847773.1645226609
8518634.0,9042465.582412418,-523831.582412418
301913131.0,404538567.83324283,-102625436.83324283
22518097.0,23968486.1175849,-1450389.117584899
345900.0,5055245.376474911,-4709345.376474911
111105497.0,95030868.78410983,16074628.21589017
47434430.0,92446991.66289122,-45012561.662891224
24690441.0,26094213.076677218,-1403772.076677218
320689294.0,116823144.72287813,203866149.27712187
35402320.0,31953840.74271587,3448479.257284131
886018.0,2886198.266763178,-2000180.2667631782
140795793.0,108024236.19959466,32771556.80040534
17986781.0,14933757.545509225,3053023.4544907752
18755936.0,46536822.25517589,-27780886.25517589
216614388.0,93994879.95746842,122619508.04253158
14418922.0,3550567.9930591243,10868354.006940875
136771683.0,106918638.74889098,29853044.25110902
17092453.0,20164545.743610647,-3072092.7436106466
224920375.0,286760408.29163265,-61840033.29163265
36088028.0,41908376.5904741,-5820348.590474099
74270074.0,91419757.66805446,-17149683.66805446
3569939.0,3479539.0097066606,90399.99029333936
96105910.0,107699904.3813389,-11593994.381338894
2692037.0,9928341.41404062,-7236304.4140406195
29302121.0,25840768.74066519,3461352.25933481
62198945.0,73799065.69065887,-11600120.690658867
375757.0,374495.42644995585,1261.5735500441515
232617430.0,299395220.52003926,-66777790.52003926
114252154.0,125424995.09740739,-11172841.097407386
62771059.0,45858521.63238443,16912537.367615573
108539911.0,189426757.73960677,-80886846.73960677
4836637.0,4152706.492600414,683930.507399586
251171807.0,202929795.9261245,48242011.07387549
16706680.0,34537244.394206434,-17830564.394206434
149673788.0,157933534.41217908,-8259746.412179083
117815157.0,213356772.56267396,-95541615.56267396
76270454.0,73325902.40477529,2944551.5952247083
19334145.0,48126128.46176722,-28791983.46176722
15471969.0,11741150.386825804,3730818.6131741963
137056262.0,45236957.359203495,91819304.64079651
8800000.0,3723354.620330579,5076645.37966942
5781045.0,8383611.982886783,-2602566.982886783
7941977.0,15853158.79139829,-7911181.791398291
10921200.0,7588757.216952247,3332442.7830477534
6202756.0,6221966.7397932885,-19210.73979328852
70181325.0,48929077.2608717,21252247.7391283
37407812.0,33572915.73040128,3834896.2695987225
38026103.0,1967596.0628517298,36058506.93714827
522657936.0,235621825.90484235,287036110.0951576
93282604.0,53246595.355412245,40036008.644587755
54766923.0,23433600.089541934,31333322.910458066
213525736.0,75792910.5770366,137732825.42296338
43848069.0,66171579.05547577,-22323510.05547577
30102717.0,17124905.95268067,12977811.04731933
17612099.0,31514045.67137537,-13901946.671375372
29342592.0,32834379.49375419,-3491787.4937541895
60103680.0,18984011.75211024,41119668.24788976
11540607.0,7947959.081468499,3592647.9185315007
2000620.0,3129724.640293159,-1129104.640293159
47267001.0,58484274.53159169,-11217273.531591691
8678812.0,10221713.512939913,-1542901.5129399132
93107289.0,73731090.75447498,19376198.245525017
384048.0,3426604.5222153543,-3042556.5222153543
13854000.0,27202243.552403446,-13348243.552403446
3854833.0,4317546.466871873,-462713.46687187254
250288523.0,226941883.16250658,23346639.83749342
61619773.0,24399580.27853481,37220192.721465185
52132.0,1787315.1040701726,-1735183.1040701726
11155214.0,5618551.828809775,5536662.171190225
1066970811.0,886362771.5885365,180608039.4114635
319715683.0,231645421.60454154,88070261.39545846
12423831.0,2776246.0724729374,9647584.927527063
68282844.0,27092174.765124705,41190669.23487529
76182388.0,98549744.14727452,-22367356.147274524
13642861.0,10010573.31545724,3632287.6845427603
270185.0,937906.3559948403,-667721.3559948403
2631275.0,3762578.8481301595,-1131303.8481301595
61950770.0,53059153.625065565,8891616.374934435
73906736.0,22060395.031198636,51846340.968801364
55041738.0,38274901.60839043,16766836.391609572
11417362.0,20886760.200001094,-9469398.200001094
87892388.0,93959011.98108551,-6066623.981085509
2270.0,2500756.361759534,-2498486.361759534
37879877.0,52910707.702843174,-15030830.702843174
38629478.0,34233269.18683975,4396208.813160248
6582065.0,5513086.130662924,1068978.8693370763
119723358.0,86385153.86008543,33338204.139914572
16589540.0,13588393.916034576,3001146.0839654244
8801940.0,28413065.812129322,-19611125.812129322
46789413.0,27261207.11433229,19528205.88566771
50632037.0,70475110.78954355,-19843073.789543554
10017322.0,45650118.79870856,-35632796.79870856
222559.0,5470305.090321077,-5247746.090321077
2087228.0,1111525.3549997634,975702.6450002366
30379.0,4621501.340468221,-4591122.340468221
2084628.0,31381517.188824423,-29296889.188824423
7622365.0,32788859.406063233,-25166494.406063233
14459330.0,8686366.848581482,5772963.151418518
5464885.0,24732910.54066083,-19268025.54066083
88929111.0,59011723.15823363,29917387.841766372
17374595.0,13469655.907796308,3904939.0922036916
2700051.0,16813240.529301398,-14113189.529301398
3702028.0,3397412.9283571206,304615.0716428794
92748.0,6876886.831950442,-6784138.831950442
28744356.0,35535494.48003027,-6791138.480030268
118243066.0,22888792.068386123,95354273.93161388
88036683.0,12021249.80938005,76015433.19061995
15164458.0,7217513.42473987,7946944.57526013
10389003.0,9310773.18909925,1078229.8109007496
191125.0,8058562.556522524,-7867437.556522524
84872444.0,170274422.63296822,-85401978.63296822
183018522.0,152335671.50785312,30682850.49214688
115900897.0,153085831.08796355,-37184934.08796355
34377585.0,9209092.361468969,25168492.63853103
12150301.0,7125774.506065012,5024526.493934988
21011110.0,25523988.16957143,-4512878.1695714295
7257942.0,6636543.601467517,621398.3985324828
31181347.0,20230214.625851795,10951132.374148205
1627955.0,780678.6724441586,847276.3275558414
34994648.0,46073782.07187657,-11079134.07187657
2372903.0,9047560.624192184,-6674657.624192184
50752337.0,37321575.5175232,13430761.4824768
167298192.0,232889763.18289906,-65591571.18289906
10629321.0,8895863.49570166,1733457.5042983405
22187813.0,58418910.054299265,-36231097.054299265
94539426.0,57632245.00102291,36907180.99897709
4224065.0,2097159.0313590253,2126905.9686409747
77677553.0,92315429.88622929,-14637876.886229292
1301121.0,891646.5347139544,409474.46528604557
6608687.0,5130675.508681154,1478011.4913188461
25105255.0,22658386.835825745,2446868.164174255
102278712.0,85562909.21753271,16715802.78246729
672806292.0,357235955.40295625,315570336.59704375
18948425.0,6651713.817289967,12296711.182710033
10656155.0,2497341.848763549,8158813.151236451
1308242.0,7265008.072429749,-5956766.072429749
119208989.0,91926672.50224645,27282316.497753546
98410061.0,58549018.97928202,39861042.02071798
592462816.0,965788665.7759994,-373325849.7759994
72109200.0,101220462.22831593,-29111262.228315935
3325651.0,6393960.775731449,-3068309.775731449
947306.0,4486295.074653712,-3538989.074653712
3809226.0,1429933.0688030361,2379292.931196964
101276318.0,84641736.49657202,16634581.503427982
290745055.0,116042865.65575719,174702189.3442428
302469017.0,303250138.2063843,-781121.2063843012
98376292.0,158333498.53832448,-59957206.538324475
77885672.0,93861778.85845828,-15976106.85845828
23308615.0,200325559.4229133,-177016944.4229133
11047627.0,4585929.174894107,6461697.825105893
10410044.0,30567542.987863738,-20157498.987863738
21589395.0,9397187.141576203,12192207.858423797
1055987.0,3874397.416541298,-2818410.416541298
10382407.0,15047293.821898486,-4664886.821898486
12803305.0,20289595.322435766,-7486290.322435766
30050028.0,33963042.283805884,-3913014.2838058844
1670516444.0,604474767.2726469,1066041676.7273531
49779728.0,74940932.79443105,-25161204.794431046
43101594.0,52027986.13092514,-8926392.130925141
198636868.0,125685456.51700093,72951411.48299907
19623396.0,4784157.339064332,14839238.660935668
52096475.0,85678144.8315828,-33581669.8315828
66200782.0,73268974.17685643,-7068192.176856428
7660857.0,1516997.7126862856,6143859.287313715
3038499.0,6857216.288282052,-3818717.2882820517
9797098.0,1271037.419644038,8526060.580355963
152263880.0,141674811.09480345,10589068.905196548
18658381.0,34902674.56352839,-16244293.563528389
481234.0,4849557.856962913,-4368323.856962913
69411370.0,86363913.04135728,-16952543.04135728
22678555.0,64846216.877401344,-42167661.877401344
636796.0,9298683.870352235,-8661887.870352235
356700357.0,291093889.0732423,65606467.92675769
402599.0,5081959.017896243,-4679360.017896243
12517488.0,8136806.013898981,4380681.986101019
10609321.0,8113539.761186894,2495781.238813106
41681746.0,30243552.147279583,11438193.852720417
422746.0,2730315.051609217,-2307569.051609217
154026136.0,121342612.93512642,32683523.064873576
58409247.0,118256710.06249432,-59847463.06249432
1577272.0,7046220.9058385,-5468948.9058385
15852401.0,19391963.92268141,-3539562.92268141
19526014.0,24889873.74623281,-5363859.746232811
73983003.0,22130355.2567944,51852647.7432056
8447615.0,10733396.09231986,-2285781.092319859
9188150.0,8164854.089227367,1023295.9107726328
619179950.0,424514040.4884692,194665909.51153082
5000000.0,8500834.421595098,-3500834.4215950985
17488564.0,2327804.766211946,15160759.233788054
22021262.0,20931473.43565852,1089788.5643414818
6333135.0,5740368.022545646,592766.977454354
17050017.0,6418963.706847302,10631053.293152697
37170057.0,7132420.498963958,30037636.50103604
40863718.0,23391772.369714584,17471945.630285416
4941117.0,4051766.0076622283,889350.9923377717
34268701.0,44962757.91509907,-10694056.91509907
13583690.0,9511390.481972117,4072299.518027883
63102666.0,38348919.536997005,24753746.463002995
38702310.0,10949008.471597662,27753301.528402336
10452012.0,19164143.305247325,-8712131.305247325
79781695.0,89062406.6586895,-9280711.658689499
31070211.0,66446767.72018876,-35376556.72018876
9380029.0,33919529.705571726,-24539500.705571726
6586341.0,1928952.4953308697,4657388.50466913
863756051.0,956241909.7991873,-92485858.7991873
17323326.0,55455510.519408084,-38132184.519408084
40693477.0,16049631.400295222,24643845.59970478
12534817.0,7259687.576176943,5275129.423823057
27674124.0,9965720.64966395,17708403.350336052
7727256.0,9584847.75340616,-1857591.7534061596
18564613.0,33960599.750651926,-15395986.750651926
149228077.0,113195169.30055074,36032907.699449256
946461.0,2108637.7287662043,-1162176.7287662043
58878723.0,30109268.64547687,28769454.35452313
11020402.0,19341784.488191374,-8321382.488191374
406881.0,774603.5849339213,-367722.58493392135
54294169.0,13821834.357495856,40472334.64250414
53993738.0,25109464.529646564,28884273.470353436
353642274.0,438745007.938924,-85102733.93892401
2201647264.0,934998781.2313436,1266648482.7686563
2312717.0,5072106.764264305,-2759389.764264305
1368000.0,7042152.994143617,-5674152.994143617
25893810.0,54493246.56390478,-28599436.563904777
96822421.0,63207232.40648486,33615188.59351514
22323612.0,23135594.940666154,-811982.940666154
631607053.0,556640102.8344587,74966950.16554129
27298695.0,16216391.933483481,11082303.066516519
273144151.0,255032495.19914594,18111655.800854057
2983784.0,8608768.646939885,-5624984.646939885
2032311.0,3004895.870431204,-972584.8704312039
20345361.0,8241548.213194168,12103812.78680583
422618.0,7403895.322560234,-6981277.322560234
274703340.0,283629877.1679154,-8926537.167915404
85498534.0,101706444.09986435,-16207910.099864349
515900.0,937197.8658278169,-421297.8658278169
21413502.0,25357981.802914083,-3944479.802914083
21142815.0,6682916.517205342,14459898.482794657
14010832.0,37110230.84635412,-23099398.84635412
1094668.0,5092527.497336038,-3997859.4973360384
1182065.0,1112008.2464633419,70056.75353665813
3342223.0,1027820.7129407611,2314402.287059239
363889678.0,216532742.28181177,147356935.71818823
130290885.0,88392829.09894988,41898055.90105012
79082515.0,110727561.73581178,-31645046.735811785
33589427.0,22855383.338063832,10734043.661936168
866999.0,7069848.415315699,-6202849.415315699
8315.0,1883588.51363794,-1875273.51363794
30716901.0,15914004.344241772,14802896.655758228
7777790.0,1367266.195327086,6410523.804672914
46905889.0,21059780.027473863,25846108.972526137
9148519.0,9585043.826107763,-436524.82610776275
102811889.0,138323485.6875703,-35511596.6875703
140470746.0,53500480.35583384,86970265.64416616
